-- phpMyAdmin SQL Dump
-- version 4.8.4
-- https://www.phpmyadmin.net/
--
-- Host: localhost
-- Tempo de geração: 23/04/2019 às 02:47
-- Versão do servidor: 10.1.37-MariaDB
-- Versão do PHP: 7.3.0

SET SQL_MODE = "NO_AUTO_VALUE_ON_ZERO";
SET AUTOCOMMIT = 0;
START TRANSACTION;
SET time_zone = "+00:00";


/*!40101 SET @OLD_CHARACTER_SET_CLIENT=@@CHARACTER_SET_CLIENT */;
/*!40101 SET @OLD_CHARACTER_SET_RESULTS=@@CHARACTER_SET_RESULTS */;
/*!40101 SET @OLD_COLLATION_CONNECTION=@@COLLATION_CONNECTION */;
/*!40101 SET NAMES utf8mb4 */;

--
-- Banco de dados: `PROJREDES`
--

-- --------------------------------------------------------

--
-- Estrutura para tabela `TB_ANO`
--

CREATE TABLE `TB_ANO` (
  `ID_ANO` int(11) NOT NULL,
  `ANO` int(4) NOT NULL
) ENGINE=InnoDB DEFAULT CHARSET=latin1;

--
-- Despejando dados para a tabela `TB_ANO`
--

INSERT INTO `TB_ANO` (`ID_ANO`, `ANO`) VALUES
(1, 2017),
(2, 2018),
(3, 2019);

-- --------------------------------------------------------

--
-- Estrutura para tabela `TB_CIDADE`
--

CREATE TABLE `TB_CIDADE` (
  `ID_CIDADE` int(11) NOT NULL,
  `NOME_CIDADE` varchar(100) NOT NULL
) ENGINE=InnoDB DEFAULT CHARSET=latin1;

--
-- Despejando dados para a tabela `TB_CIDADE`
--

INSERT INTO `TB_CIDADE` (`ID_CIDADE`, `NOME_CIDADE`) VALUES
(1, 'Cruzeiro');

-- --------------------------------------------------------

--
-- Estrutura para tabela `TB_MES`
--

CREATE TABLE `TB_MES` (
  `ID_MES` int(11) NOT NULL,
  `NOME_MES` varchar(100) NOT NULL
) ENGINE=InnoDB DEFAULT CHARSET=latin1;

--
-- Despejando dados para a tabela `TB_MES`
--

INSERT INTO `TB_MES` (`ID_MES`, `NOME_MES`) VALUES
(1, 'Janeiro'),
(2, 'Fevereiro'),
(3, 'Março'),
(4, 'Abril'),
(5, 'Maio'),
(6, 'Junho'),
(7, 'Julho'),
(8, 'Agosto'),
(9, 'Setembro'),
(10, 'Outubro'),
(11, 'Novembro'),
(12, 'Dezembro');

-- --------------------------------------------------------

--
-- Estrutura para tabela `TB_NATUREZA`
--

CREATE TABLE `TB_NATUREZA` (
  `ID_OCORRENCIA` int(11) NOT NULL,
  `NOME_NATUREZA` varchar(100) NOT NULL,
  `DESCRICAO_NATUREZA` varchar(250) NOT NULL
) ENGINE=InnoDB DEFAULT CHARSET=latin1;

--
-- Despejando dados para a tabela `TB_NATUREZA`
--

INSERT INTO `TB_NATUREZA` (`ID_OCORRENCIA`, `NOME_NATUREZA`, `DESCRICAO_NATUREZA`) VALUES
(1, 'OCORRÊNCIAS DE PORTE DE ENTORPECENTES', 'APREENSÃO DE INDIVÍDUOS COM PORTE DE DROGAS'),
(2, 'OCORRÊNCIAS DE TRÁFICO DE ENTORPECENTES', ''),
(3, 'OCORRÊNCIAS DE APREENSÃO DE ENTORPECENTES(1)', ''),
(4, 'OCORRÊNCIAS DE PORTE ILEGAL DE ARMA	', ''),
(5, 'Nº DE ARMAS DE FOGO APREENDIDAS', ''),
(6, 'Nº DE FLAGRANTES LAVRADOS', ''),
(7, 'Nº DE INFRATORES APREENDIDOS EM FLAGRANTE', ''),
(8, 'Nº DE INFRATORES APREENDIDOS POR MANDADO', ''),
(9, 'Nº DE PESSOAS PRESAS EM FLAGRANTE', ''),
(10, 'Nº DE PESSOAS PRESAS POR MANDADO', ''),
(11, 'Nº DE PRISÕES EFETUADAS', ''),
(12, 'Nº DE VEÍCULOS RECUPERADOS', ''),
(13, 'HOMICÍDIO DOLOSO (2)', ''),
(14, 'Nº DE VÍTIMAS EM HOMICÍDIO DOLOSO (3)', ''),
(15, 'HOMICÍDIO DOLOSO POR ACIDENTE DE TRÂNSITO', ''),
(16, 'Nº DE VÍTIMAS EM HOMICÍDIO DOLOSO POR ACIDENTE DE TRÂNSITO', ''),
(17, 'HOMICÍDIO CULPOSO POR ACIDENTE DE TRÂNSITO', ''),
(18, 'HOMICÍDIO CULPOSO OUTROS', ''),
(19, 'TENTATIVA DE HOMICÍDIO', ''),
(20, 'LESÃO CORPORAL SEGUIDA DE MORTE', ''),
(21, 'LESÃO CORPORAL DOLOSA', ''),
(22, 'LESÃO CORPORAL CULPOSA POR ACIDENTE DE TRÂNSITO', ''),
(23, 'LESÃO CORPORAL CULPOSA - OUTRAS', ''),
(24, 'LATROCÍNIO', ''),
(25, 'Nº DE VÍTIMAS EM LATROCÍNIO', ''),
(26, 'TOTAL DE ESTUPRO (4)', ''),
(27, 'ESTUPRO', ''),
(28, 'ESTUPRO DE VULNERÁVEL', ''),
(29, 'TOTAL DE ROUBO - OUTROS (1)', ''),
(30, 'ROUBO - OUTROS', ''),
(31, 'ROUBO DE VEÍCULO', ''),
(32, 'ROUBO A BANCO', ''),
(33, 'ROUBO DE CARGA', ''),
(34, 'FURTO - OUTROS', ''),
(35, 'FURTO DE VEÍCULO', '');

-- --------------------------------------------------------

--
-- Estrutura para tabela `TB_OCORRENCIA`
--

CREATE TABLE `TB_OCORRENCIA` (
  `ID_OCORRENCIA` int(11) NOT NULL,
  `ID_NATUREZA` int(11) NOT NULL,
  `ID_CIDADE` int(11) NOT NULL,
  `ID_ANO` int(11) NOT NULL,
  `ID_MES` int(11) NOT NULL,
  `ID_TIPO` int(11) NOT NULL DEFAULT '1',
  `QTD_OCORRENCIAS` int(11) DEFAULT NULL
) ENGINE=InnoDB DEFAULT CHARSET=latin1;

--
-- Despejando dados para a tabela `TB_OCORRENCIA`
--

INSERT INTO `TB_OCORRENCIA` (`ID_OCORRENCIA`, `ID_NATUREZA`, `ID_CIDADE`, `ID_ANO`, `ID_MES`, `ID_TIPO`, `QTD_OCORRENCIAS`) VALUES
(1, 1, 1, 1, 1, 1, 15),
(2, 2, 1, 1, 1, 1, 15),
(3, 3, 1, 1, 1, 1, 0),
(4, 4, 1, 1, 1, 1, 1),
(5, 5, 1, 1, 1, 1, 2),
(6, 6, 1, 1, 1, 1, 28),
(7, 7, 1, 1, 1, 1, 4),
(8, 8, 1, 1, 1, 1, 0),
(9, 9, 1, 1, 1, 1, 40),
(10, 10, 1, 1, 1, 1, 29),
(11, 11, 1, 1, 1, 1, 57),
(12, 12, 1, 1, 1, 1, 7),
(13, 1, 1, 1, 2, 1, 14),
(14, 2, 1, 1, 2, 1, 6),
(15, 3, 1, 1, 2, 1, 0),
(16, 4, 1, 1, 2, 1, 0),
(17, 5, 1, 1, 2, 1, 2),
(18, 6, 1, 1, 2, 1, 16),
(19, 7, 1, 1, 2, 1, 2),
(20, 8, 1, 1, 2, 1, 1),
(21, 9, 1, 1, 2, 1, 20),
(22, 10, 1, 1, 2, 1, 23),
(23, 11, 1, 1, 2, 1, 39),
(24, 12, 1, 1, 2, 1, 10),
(25, 1, 1, 1, 3, 1, 6),
(26, 2, 1, 1, 3, 1, 9),
(27, 3, 1, 1, 3, 1, 0),
(28, 4, 1, 1, 3, 1, 1),
(29, 5, 1, 1, 3, 1, 5),
(30, 6, 1, 1, 3, 1, 22),
(31, 7, 1, 1, 3, 1, 2),
(32, 8, 1, 1, 3, 1, 1),
(33, 9, 1, 1, 3, 1, 29),
(34, 10, 1, 1, 3, 1, 27),
(35, 11, 1, 1, 3, 1, 49),
(36, 12, 1, 1, 3, 1, 11),
(37, 1, 1, 1, 4, 1, 2),
(38, 2, 1, 1, 4, 1, 7),
(39, 3, 1, 1, 4, 1, 0),
(40, 4, 1, 1, 4, 1, 4),
(41, 5, 1, 1, 4, 1, 5),
(42, 6, 1, 1, 4, 1, 25),
(43, 7, 1, 1, 4, 1, 2),
(44, 8, 1, 1, 4, 1, 1),
(45, 9, 1, 1, 4, 1, 27),
(46, 10, 1, 1, 4, 1, 15),
(47, 11, 1, 1, 4, 1, 40),
(48, 12, 1, 1, 4, 1, 19),
(49, 1, 1, 1, 5, 1, 6),
(50, 2, 1, 1, 5, 1, 11),
(51, 3, 1, 1, 5, 1, 0),
(52, 4, 1, 1, 5, 1, 1),
(53, 5, 1, 1, 5, 1, 5),
(54, 6, 1, 1, 5, 1, 19),
(55, 7, 1, 1, 5, 1, 3),
(56, 8, 1, 1, 5, 1, 2),
(57, 9, 1, 1, 5, 1, 21),
(58, 10, 1, 1, 5, 1, 15),
(59, 11, 1, 1, 5, 1, 34),
(60, 12, 1, 1, 5, 1, 12),
(61, 1, 1, 1, 6, 1, 6),
(62, 2, 1, 1, 6, 1, 10),
(63, 3, 1, 1, 6, 1, 0),
(64, 4, 1, 1, 6, 1, 1),
(65, 5, 1, 1, 6, 1, 2),
(66, 6, 1, 1, 6, 1, 17),
(67, 7, 1, 1, 6, 1, 2),
(68, 8, 1, 1, 6, 1, 0),
(69, 9, 1, 1, 6, 1, 20),
(70, 10, 1, 1, 6, 1, 22),
(71, 11, 1, 1, 6, 1, 39),
(72, 12, 1, 1, 6, 1, 12),
(73, 1, 1, 1, 7, 1, 8),
(74, 2, 1, 1, 7, 1, 13),
(75, 3, 1, 1, 7, 1, 2),
(76, 4, 1, 1, 7, 1, 1),
(77, 5, 1, 1, 7, 1, 1),
(78, 6, 1, 1, 7, 1, 30),
(79, 7, 1, 1, 7, 1, 4),
(80, 8, 1, 1, 7, 1, 1),
(81, 9, 1, 1, 7, 1, 31),
(82, 10, 1, 1, 7, 1, 24),
(83, 11, 1, 1, 7, 1, 54),
(84, 12, 1, 1, 7, 1, 6),
(85, 1, 1, 1, 8, 1, 5),
(86, 2, 1, 1, 8, 1, 17),
(87, 3, 1, 1, 8, 1, 0),
(88, 4, 1, 1, 8, 1, 0),
(89, 5, 1, 1, 8, 1, 1),
(90, 6, 1, 1, 8, 1, 30),
(91, 7, 1, 1, 8, 1, 3),
(92, 8, 1, 1, 8, 1, 8),
(93, 9, 1, 1, 8, 1, 38),
(94, 10, 1, 1, 8, 1, 25),
(95, 11, 1, 1, 8, 1, 55),
(96, 12, 1, 1, 8, 1, 8),
(97, 1, 1, 1, 9, 1, 4),
(98, 2, 1, 1, 9, 1, 7),
(99, 3, 1, 1, 9, 1, 0),
(100, 4, 1, 1, 9, 1, 0),
(101, 5, 1, 1, 9, 1, 1),
(102, 6, 1, 1, 9, 1, 19),
(103, 7, 1, 1, 9, 1, 0),
(104, 8, 1, 1, 9, 1, 1),
(105, 9, 1, 1, 9, 1, 23),
(106, 10, 1, 1, 9, 1, 15),
(107, 11, 1, 1, 9, 1, 34),
(108, 12, 1, 1, 9, 1, 13),
(109, 1, 1, 1, 10, 1, 7),
(110, 2, 1, 1, 10, 1, 8),
(111, 3, 1, 1, 10, 1, 0),
(112, 4, 1, 1, 10, 1, 0),
(113, 5, 1, 1, 10, 1, 0),
(114, 6, 1, 1, 10, 1, 15),
(115, 7, 1, 1, 10, 1, 4),
(116, 8, 1, 1, 10, 1, 3),
(117, 9, 1, 1, 10, 1, 15),
(118, 10, 1, 1, 10, 1, 25),
(119, 11, 1, 1, 10, 1, 40),
(120, 12, 1, 1, 10, 1, 4),
(121, 1, 1, 1, 11, 1, 4),
(122, 2, 1, 1, 11, 1, 8),
(123, 3, 1, 1, 11, 1, 0),
(124, 4, 1, 1, 11, 1, 0),
(125, 5, 1, 1, 11, 1, 3),
(126, 6, 1, 1, 11, 1, 14),
(127, 7, 1, 1, 11, 1, 3),
(128, 8, 1, 1, 11, 1, 3),
(129, 9, 1, 1, 11, 1, 18),
(130, 10, 1, 1, 11, 1, 12),
(131, 11, 1, 1, 11, 1, 26),
(132, 12, 1, 1, 11, 1, 7),
(133, 1, 1, 1, 12, 1, 6),
(134, 2, 1, 1, 12, 1, 6),
(135, 3, 1, 1, 12, 1, 0),
(136, 4, 1, 1, 12, 1, 1),
(137, 5, 1, 1, 12, 1, 5),
(138, 6, 1, 1, 12, 1, 21),
(139, 7, 1, 1, 12, 1, 0),
(140, 8, 1, 1, 12, 1, 0),
(141, 9, 1, 1, 12, 1, 23),
(142, 10, 1, 1, 12, 1, 9),
(143, 11, 1, 1, 12, 1, 30),
(144, 12, 1, 1, 12, 1, 10),
(145, 1, 1, 2, 1, 1, 7),
(146, 2, 1, 2, 1, 1, 13),
(147, 3, 1, 2, 1, 1, 0),
(148, 4, 1, 2, 1, 1, 0),
(149, 5, 1, 2, 1, 1, 3),
(150, 6, 1, 2, 1, 1, 19),
(151, 7, 1, 2, 1, 1, 4),
(152, 8, 1, 2, 1, 1, 1),
(153, 9, 1, 2, 1, 1, 20),
(154, 10, 1, 2, 1, 1, 12),
(155, 11, 1, 2, 1, 1, 31),
(156, 12, 1, 2, 1, 1, 9),
(157, 1, 1, 2, 2, 1, 6),
(158, 2, 1, 2, 2, 1, 10),
(159, 3, 1, 2, 2, 1, 0),
(160, 4, 1, 2, 2, 1, 0),
(161, 5, 1, 2, 2, 1, 1),
(162, 6, 1, 2, 2, 1, 20),
(163, 7, 1, 2, 2, 1, 2),
(164, 8, 1, 2, 2, 1, 0),
(165, 9, 1, 2, 2, 1, 26),
(166, 10, 1, 2, 2, 1, 12),
(167, 11, 1, 2, 2, 1, 32),
(168, 12, 1, 2, 2, 1, 4),
(169, 1, 1, 2, 3, 1, 2),
(170, 2, 1, 2, 3, 1, 15),
(171, 3, 1, 2, 3, 1, 0),
(172, 4, 1, 2, 3, 1, 0),
(173, 5, 1, 2, 3, 1, 1),
(174, 6, 1, 2, 3, 1, 21),
(175, 7, 1, 2, 3, 1, 6),
(176, 8, 1, 2, 3, 1, 1),
(177, 9, 1, 2, 3, 1, 25),
(178, 10, 1, 2, 3, 1, 16),
(179, 11, 1, 2, 3, 1, 37),
(180, 12, 1, 2, 3, 1, 6),
(181, 1, 1, 2, 4, 1, 6),
(182, 2, 1, 2, 4, 1, 7),
(183, 3, 1, 2, 4, 1, 0),
(184, 4, 1, 2, 4, 1, 1),
(185, 5, 1, 2, 4, 1, 4),
(186, 6, 1, 2, 4, 1, 20),
(187, 7, 1, 2, 4, 1, 4),
(188, 8, 1, 2, 4, 1, 1),
(189, 9, 1, 2, 4, 1, 22),
(190, 10, 1, 2, 4, 1, 16),
(191, 11, 1, 2, 4, 1, 36),
(192, 12, 1, 2, 4, 1, 6),
(193, 1, 1, 2, 5, 1, 5),
(194, 2, 1, 2, 5, 1, 15),
(195, 3, 1, 2, 5, 1, 1),
(196, 4, 1, 2, 5, 1, 0),
(197, 5, 1, 2, 5, 1, 0),
(198, 6, 1, 2, 5, 1, 23),
(199, 7, 1, 2, 5, 1, 3),
(200, 8, 1, 2, 5, 1, 0),
(201, 9, 1, 2, 5, 1, 25),
(202, 10, 1, 2, 5, 1, 17),
(203, 11, 1, 2, 5, 1, 40),
(204, 12, 1, 2, 5, 1, 3),
(205, 1, 1, 2, 6, 1, 1),
(206, 2, 1, 2, 6, 1, 7),
(207, 3, 1, 2, 6, 1, 0),
(208, 4, 1, 2, 6, 1, 0),
(209, 5, 1, 2, 6, 1, 0),
(210, 6, 1, 2, 6, 1, 12),
(211, 7, 1, 2, 6, 1, 4),
(212, 8, 1, 2, 6, 1, 0),
(213, 9, 1, 2, 6, 1, 14),
(214, 10, 1, 2, 6, 1, 20),
(215, 11, 1, 2, 6, 1, 32),
(216, 12, 1, 2, 6, 1, 5),
(217, 1, 1, 2, 7, 1, 11),
(218, 2, 1, 2, 7, 1, 16),
(219, 3, 1, 2, 7, 1, 0),
(220, 4, 1, 2, 7, 1, 1),
(221, 5, 1, 2, 7, 1, 1),
(222, 6, 1, 2, 7, 1, 22),
(223, 7, 1, 2, 7, 1, 6),
(224, 8, 1, 2, 7, 1, 0),
(225, 9, 1, 2, 7, 1, 23),
(226, 10, 1, 2, 7, 1, 20),
(227, 11, 1, 2, 7, 1, 42),
(228, 12, 1, 2, 7, 1, 5),
(229, 1, 1, 2, 8, 1, 11),
(230, 2, 1, 2, 8, 1, 9),
(231, 3, 1, 2, 8, 1, 0),
(232, 4, 1, 2, 8, 1, 2),
(233, 5, 1, 2, 8, 1, 4),
(234, 6, 1, 2, 8, 1, 19),
(235, 7, 1, 2, 8, 1, 1),
(236, 8, 1, 2, 8, 1, 0),
(237, 9, 1, 2, 8, 1, 22),
(238, 10, 1, 2, 8, 1, 22),
(239, 11, 1, 2, 8, 1, 41),
(240, 12, 1, 2, 8, 1, 8),
(241, 1, 1, 2, 9, 1, 7),
(242, 2, 1, 2, 9, 1, 19),
(243, 3, 1, 2, 9, 1, 0),
(244, 4, 1, 2, 9, 1, 2),
(245, 5, 1, 2, 9, 1, 3),
(246, 6, 1, 2, 9, 1, 24),
(247, 7, 1, 2, 9, 1, 4),
(248, 8, 1, 2, 9, 1, 0),
(249, 9, 1, 2, 9, 1, 26),
(250, 10, 1, 2, 9, 1, 19),
(251, 11, 1, 2, 9, 1, 43),
(252, 12, 1, 2, 9, 1, 7),
(253, 1, 1, 2, 10, 1, 9),
(254, 2, 1, 2, 10, 1, 15),
(255, 3, 1, 2, 10, 1, 0),
(256, 4, 1, 2, 10, 1, 3),
(257, 5, 1, 2, 10, 1, 8),
(258, 6, 1, 2, 10, 1, 26),
(259, 7, 1, 2, 10, 1, 3),
(260, 8, 1, 2, 10, 1, 0),
(261, 9, 1, 2, 10, 1, 33),
(262, 10, 1, 2, 10, 1, 17),
(263, 11, 1, 2, 10, 1, 43),
(264, 12, 1, 2, 10, 1, 16),
(265, 1, 1, 2, 11, 1, 4),
(266, 2, 1, 2, 11, 1, 22),
(267, 3, 1, 2, 11, 1, 0),
(268, 4, 1, 2, 11, 1, 1),
(269, 5, 1, 2, 11, 1, 2),
(270, 6, 1, 2, 11, 1, 20),
(271, 7, 1, 2, 11, 1, 10),
(272, 8, 1, 2, 11, 1, 4),
(273, 9, 1, 2, 11, 1, 21),
(274, 10, 1, 2, 11, 1, 14),
(275, 11, 1, 2, 11, 1, 34),
(276, 12, 1, 2, 11, 1, 14),
(277, 1, 1, 2, 12, 1, 6),
(278, 2, 1, 2, 12, 1, 10),
(279, 3, 1, 2, 12, 1, 0),
(280, 4, 1, 2, 12, 1, 2),
(281, 5, 1, 2, 12, 1, 3),
(282, 6, 1, 2, 12, 1, 12),
(283, 7, 1, 2, 12, 1, 1),
(284, 8, 1, 2, 12, 1, 0),
(285, 9, 1, 2, 12, 1, 15),
(286, 10, 1, 2, 12, 1, 14),
(287, 11, 1, 2, 12, 1, 26),
(288, 12, 1, 2, 12, 1, 6),
(289, 1, 1, 3, 1, 1, 7),
(290, 2, 1, 3, 1, 1, 11),
(291, 3, 1, 3, 1, 1, 0),
(292, 4, 1, 3, 1, 1, 0),
(293, 5, 1, 3, 1, 1, 6),
(294, 6, 1, 3, 1, 1, 19),
(295, 7, 1, 3, 1, 1, 3),
(296, 8, 1, 3, 1, 1, 1),
(297, 9, 1, 3, 1, 1, 21),
(298, 10, 1, 3, 1, 1, 13),
(299, 11, 1, 3, 1, 1, 32),
(300, 12, 1, 3, 1, 1, 4),
(301, 1, 1, 3, 2, 1, 2),
(302, 2, 1, 3, 2, 1, 9),
(303, 3, 1, 3, 2, 1, 0),
(304, 4, 1, 3, 2, 1, 2),
(305, 5, 1, 3, 2, 1, 2),
(306, 6, 1, 3, 2, 1, 19),
(307, 7, 1, 3, 2, 1, 2),
(308, 8, 1, 3, 2, 1, 1),
(309, 9, 1, 3, 2, 1, 21),
(310, 10, 1, 3, 2, 1, 17),
(311, 11, 1, 3, 2, 1, 36),
(312, 12, 1, 3, 2, 1, 8),
(313, 13, 1, 1, 1, 2, 1),
(314, 14, 1, 1, 1, 2, 1),
(315, 15, 1, 1, 1, 2, 0),
(316, 16, 1, 1, 1, 2, 0),
(317, 17, 1, 1, 1, 2, 1),
(318, 18, 1, 1, 1, 2, 0),
(319, 19, 1, 1, 1, 2, 2),
(320, 20, 1, 1, 1, 2, 0),
(321, 21, 1, 1, 1, 2, 33),
(322, 22, 1, 1, 1, 2, 6),
(323, 23, 1, 1, 1, 2, 0),
(324, 24, 1, 1, 1, 2, 0),
(325, 25, 1, 1, 1, 2, 0),
(326, 26, 1, 1, 1, 2, 2),
(327, 27, 1, 1, 1, 2, 0),
(328, 28, 1, 1, 1, 2, 2),
(329, 29, 1, 1, 1, 2, 26),
(330, 30, 1, 1, 1, 2, 26),
(331, 31, 1, 1, 1, 2, 1),
(332, 32, 1, 1, 1, 2, 0),
(333, 33, 1, 1, 1, 2, 0),
(334, 34, 1, 1, 1, 2, 65),
(335, 35, 1, 1, 1, 2, 9),
(336, 13, 1, 1, 2, 2, 2),
(337, 14, 1, 1, 2, 2, 2),
(338, 15, 1, 1, 2, 2, 0),
(339, 16, 1, 1, 2, 2, 0),
(340, 17, 1, 1, 2, 2, 0),
(341, 18, 1, 1, 2, 2, 0),
(342, 19, 1, 1, 2, 2, 4),
(343, 20, 1, 1, 2, 2, 0),
(344, 21, 1, 1, 2, 2, 28),
(345, 22, 1, 1, 2, 2, 5),
(346, 23, 1, 1, 2, 2, 0),
(347, 24, 1, 1, 2, 2, 0),
(348, 25, 1, 1, 2, 2, 0),
(349, 26, 1, 1, 2, 2, 3),
(350, 27, 1, 1, 2, 2, 0),
(351, 28, 1, 1, 2, 2, 3),
(352, 29, 1, 1, 2, 2, 18),
(353, 30, 1, 1, 2, 2, 18),
(354, 31, 1, 1, 2, 2, 1),
(355, 32, 1, 1, 2, 2, 0),
(356, 33, 1, 1, 2, 2, 0),
(357, 34, 1, 1, 2, 2, 87),
(358, 35, 1, 1, 2, 2, 10),
(359, 13, 1, 1, 3, 2, 1),
(360, 14, 1, 1, 3, 2, 1),
(361, 15, 1, 1, 3, 2, 0),
(362, 16, 1, 1, 3, 2, 0),
(363, 17, 1, 1, 3, 2, 0),
(364, 18, 1, 1, 3, 2, 0),
(365, 19, 1, 1, 3, 2, 1),
(366, 20, 1, 1, 3, 2, 0),
(367, 21, 1, 1, 3, 2, 33),
(368, 22, 1, 1, 3, 2, 8),
(369, 23, 1, 1, 3, 2, 0),
(370, 24, 1, 1, 3, 2, 1),
(371, 25, 1, 1, 3, 2, 1),
(372, 26, 1, 1, 3, 2, 1),
(373, 27, 1, 1, 3, 2, 0),
(374, 28, 1, 1, 3, 2, 1),
(375, 29, 1, 1, 3, 2, 16),
(376, 30, 1, 1, 3, 2, 16),
(377, 31, 1, 1, 3, 2, 0),
(378, 32, 1, 1, 3, 2, 0),
(379, 33, 1, 1, 3, 2, 0),
(380, 34, 1, 1, 3, 2, 74),
(381, 35, 1, 1, 3, 2, 10),
(382, 13, 1, 1, 4, 2, 1),
(383, 14, 1, 1, 4, 2, 1),
(384, 15, 1, 1, 4, 2, 0),
(385, 16, 1, 1, 4, 2, 0),
(386, 17, 1, 1, 4, 2, 1),
(387, 18, 1, 1, 4, 2, 1),
(388, 19, 1, 1, 4, 2, 5),
(389, 20, 1, 1, 4, 2, 0),
(390, 21, 1, 1, 4, 2, 25),
(391, 22, 1, 1, 4, 2, 9),
(392, 23, 1, 1, 4, 2, 2),
(393, 24, 1, 1, 4, 2, 0),
(394, 25, 1, 1, 4, 2, 0),
(395, 26, 1, 1, 4, 2, 2),
(396, 27, 1, 1, 4, 2, 0),
(397, 28, 1, 1, 4, 2, 2),
(398, 29, 1, 1, 4, 2, 29),
(399, 30, 1, 1, 4, 2, 29),
(400, 31, 1, 1, 4, 2, 4),
(401, 32, 1, 1, 4, 2, 0),
(402, 33, 1, 1, 4, 2, 0),
(403, 34, 1, 1, 4, 2, 63),
(404, 35, 1, 1, 4, 2, 13),
(405, 13, 1, 1, 5, 2, 1),
(406, 14, 1, 1, 5, 2, 1),
(407, 15, 1, 1, 5, 2, 0),
(408, 16, 1, 1, 5, 2, 0),
(409, 17, 1, 1, 5, 2, 0),
(410, 18, 1, 1, 5, 2, 0),
(411, 19, 1, 1, 5, 2, 0),
(412, 20, 1, 1, 5, 2, 0),
(413, 21, 1, 1, 5, 2, 32),
(414, 22, 1, 1, 5, 2, 13),
(415, 23, 1, 1, 5, 2, 0),
(416, 24, 1, 1, 5, 2, 0),
(417, 25, 1, 1, 5, 2, 0),
(418, 26, 1, 1, 5, 2, 1),
(419, 27, 1, 1, 5, 2, 0),
(420, 28, 1, 1, 5, 2, 1),
(421, 29, 1, 1, 5, 2, 22),
(422, 30, 1, 1, 5, 2, 21),
(423, 31, 1, 1, 5, 2, 0),
(424, 32, 1, 1, 5, 2, 0),
(425, 33, 1, 1, 5, 2, 1),
(426, 34, 1, 1, 5, 2, 71),
(427, 35, 1, 1, 5, 2, 12),
(428, 13, 1, 1, 6, 2, 1),
(429, 14, 1, 1, 6, 2, 1),
(430, 15, 1, 1, 6, 2, 0),
(431, 16, 1, 1, 6, 2, 0),
(432, 17, 1, 1, 6, 2, 1),
(433, 18, 1, 1, 6, 2, 0),
(434, 19, 1, 1, 6, 2, 1),
(435, 20, 1, 1, 6, 2, 0),
(436, 21, 1, 1, 6, 2, 25),
(437, 22, 1, 1, 6, 2, 14),
(438, 23, 1, 1, 6, 2, 0),
(439, 24, 1, 1, 6, 2, 0),
(440, 25, 1, 1, 6, 2, 0),
(441, 26, 1, 1, 6, 2, 1),
(442, 27, 1, 1, 6, 2, 0),
(443, 28, 1, 1, 6, 2, 1),
(444, 29, 1, 1, 6, 2, 17),
(445, 30, 1, 1, 6, 2, 17),
(446, 31, 1, 1, 6, 2, 1),
(447, 32, 1, 1, 6, 2, 0),
(448, 33, 1, 1, 6, 2, 0),
(449, 34, 1, 1, 6, 2, 58),
(450, 35, 1, 1, 6, 2, 11),
(451, 13, 1, 1, 7, 2, 0),
(452, 14, 1, 1, 7, 2, 0),
(453, 15, 1, 1, 7, 2, 0),
(454, 16, 1, 1, 7, 2, 0),
(455, 17, 1, 1, 7, 2, 0),
(456, 18, 1, 1, 7, 2, 0),
(457, 19, 1, 1, 7, 2, 0),
(458, 20, 1, 1, 7, 2, 0),
(459, 21, 1, 1, 7, 2, 31),
(460, 22, 1, 1, 7, 2, 9),
(461, 23, 1, 1, 7, 2, 0),
(462, 24, 1, 1, 7, 2, 0),
(463, 25, 1, 1, 7, 2, 0),
(464, 26, 1, 1, 7, 2, 0),
(465, 27, 1, 1, 7, 2, 0),
(466, 28, 1, 1, 7, 2, 0),
(467, 29, 1, 1, 7, 2, 23),
(468, 30, 1, 1, 7, 2, 23),
(469, 31, 1, 1, 7, 2, 0),
(470, 32, 1, 1, 7, 2, 0),
(471, 33, 1, 1, 7, 2, 0),
(472, 34, 1, 1, 7, 2, 66),
(473, 35, 1, 1, 7, 2, 8),
(474, 13, 1, 1, 8, 2, 1),
(475, 14, 1, 1, 8, 2, 2),
(476, 15, 1, 1, 8, 2, 0),
(477, 16, 1, 1, 8, 2, 0),
(478, 17, 1, 1, 8, 2, 1),
(479, 18, 1, 1, 8, 2, 0),
(480, 19, 1, 1, 8, 2, 2),
(481, 20, 1, 1, 8, 2, 0),
(482, 21, 1, 1, 8, 2, 33),
(483, 22, 1, 1, 8, 2, 9),
(484, 23, 1, 1, 8, 2, 0),
(485, 24, 1, 1, 8, 2, 0),
(486, 25, 1, 1, 8, 2, 0),
(487, 26, 1, 1, 8, 2, 2),
(488, 27, 1, 1, 8, 2, 0),
(489, 28, 1, 1, 8, 2, 2),
(490, 29, 1, 1, 8, 2, 24),
(491, 30, 1, 1, 8, 2, 23),
(492, 31, 1, 1, 8, 2, 0),
(493, 32, 1, 1, 8, 2, 0),
(494, 33, 1, 1, 8, 2, 1),
(495, 34, 1, 1, 8, 2, 56),
(496, 35, 1, 1, 8, 2, 7),
(497, 13, 1, 1, 9, 2, 0),
(498, 14, 1, 1, 9, 2, 0),
(499, 15, 1, 1, 9, 2, 0),
(500, 16, 1, 1, 9, 2, 0),
(501, 17, 1, 1, 9, 2, 0),
(502, 18, 1, 1, 9, 2, 1),
(503, 19, 1, 1, 9, 2, 0),
(504, 20, 1, 1, 9, 2, 0),
(505, 21, 1, 1, 9, 2, 36),
(506, 22, 1, 1, 9, 2, 12),
(507, 23, 1, 1, 9, 2, 0),
(508, 24, 1, 1, 9, 2, 0),
(509, 25, 1, 1, 9, 2, 0),
(510, 26, 1, 1, 9, 2, 1),
(511, 27, 1, 1, 9, 2, 1),
(512, 28, 1, 1, 9, 2, 0),
(513, 29, 1, 1, 9, 2, 10),
(514, 30, 1, 1, 9, 2, 10),
(515, 31, 1, 1, 9, 2, 0),
(516, 32, 1, 1, 9, 2, 0),
(517, 33, 1, 1, 9, 2, 0),
(518, 34, 1, 1, 9, 2, 51),
(519, 35, 1, 1, 9, 2, 15),
(520, 13, 1, 1, 10, 2, 2),
(521, 14, 1, 1, 10, 2, 3),
(522, 15, 1, 1, 10, 2, 0),
(523, 16, 1, 1, 10, 2, 0),
(524, 17, 1, 1, 10, 2, 2),
(525, 18, 1, 1, 10, 2, 0),
(526, 19, 1, 1, 10, 2, 0),
(527, 20, 1, 1, 10, 2, 0),
(528, 21, 1, 1, 10, 2, 27),
(529, 22, 1, 1, 10, 2, 13),
(530, 23, 1, 1, 10, 2, 0),
(531, 24, 1, 1, 10, 2, 0),
(532, 25, 1, 1, 10, 2, 0),
(533, 26, 1, 1, 10, 2, 1),
(534, 27, 1, 1, 10, 2, 0),
(535, 28, 1, 1, 10, 2, 1),
(536, 29, 1, 1, 10, 2, 16),
(537, 30, 1, 1, 10, 2, 15),
(538, 31, 1, 1, 10, 2, 1),
(539, 32, 1, 1, 10, 2, 0),
(540, 33, 1, 1, 10, 2, 1),
(541, 34, 1, 1, 10, 2, 59),
(542, 35, 1, 1, 10, 2, 7),
(543, 13, 1, 1, 11, 2, 1),
(544, 14, 1, 1, 11, 2, 1),
(545, 15, 1, 1, 11, 2, 0),
(546, 16, 1, 1, 11, 2, 0),
(547, 17, 1, 1, 11, 2, 0),
(548, 18, 1, 1, 11, 2, 0),
(549, 19, 1, 1, 11, 2, 2),
(550, 20, 1, 1, 11, 2, 0),
(551, 21, 1, 1, 11, 2, 26),
(552, 22, 1, 1, 11, 2, 6),
(553, 23, 1, 1, 11, 2, 0),
(554, 24, 1, 1, 11, 2, 0),
(555, 25, 1, 1, 11, 2, 0),
(556, 26, 1, 1, 11, 2, 3),
(557, 27, 1, 1, 11, 2, 0),
(558, 28, 1, 1, 11, 2, 3),
(559, 29, 1, 1, 11, 2, 7),
(560, 30, 1, 1, 11, 2, 7),
(561, 31, 1, 1, 11, 2, 0),
(562, 32, 1, 1, 11, 2, 0),
(563, 33, 1, 1, 11, 2, 0),
(564, 34, 1, 1, 11, 2, 65),
(565, 35, 1, 1, 11, 2, 4),
(566, 13, 1, 1, 12, 2, 2),
(567, 14, 1, 1, 12, 2, 2),
(568, 15, 1, 1, 12, 2, 0),
(569, 16, 1, 1, 12, 2, 0),
(570, 17, 1, 1, 12, 2, 0),
(571, 18, 1, 1, 12, 2, 0),
(572, 19, 1, 1, 12, 2, 2),
(573, 20, 1, 1, 12, 2, 0),
(574, 21, 1, 1, 12, 2, 34),
(575, 22, 1, 1, 12, 2, 4),
(576, 23, 1, 1, 12, 2, 0),
(577, 24, 1, 1, 12, 2, 0),
(578, 25, 1, 1, 12, 2, 0),
(579, 26, 1, 1, 12, 2, 0),
(580, 27, 1, 1, 12, 2, 0),
(581, 28, 1, 1, 12, 2, 0),
(582, 29, 1, 1, 12, 2, 9),
(583, 30, 1, 1, 12, 2, 9),
(584, 31, 1, 1, 12, 2, 2),
(585, 32, 1, 1, 12, 2, 0),
(586, 33, 1, 1, 12, 2, 0),
(587, 34, 1, 1, 12, 2, 46),
(588, 35, 1, 1, 12, 2, 4),
(589, 13, 1, 2, 1, 2, 2),
(590, 14, 1, 2, 1, 2, 2),
(591, 15, 1, 2, 1, 2, 0),
(592, 16, 1, 2, 1, 2, 0),
(593, 17, 1, 2, 1, 2, 0),
(594, 18, 1, 2, 1, 2, 0),
(595, 19, 1, 2, 1, 2, 1),
(596, 20, 1, 2, 1, 2, 0),
(597, 21, 1, 2, 1, 2, 31),
(598, 22, 1, 2, 1, 2, 9),
(599, 23, 1, 2, 1, 2, 1),
(600, 24, 1, 2, 1, 2, 0),
(601, 25, 1, 2, 1, 2, 0),
(602, 26, 1, 2, 1, 2, 2),
(603, 27, 1, 2, 1, 2, 0),
(604, 28, 1, 2, 1, 2, 2),
(605, 29, 1, 2, 1, 2, 4),
(606, 30, 1, 2, 1, 2, 4),
(607, 31, 1, 2, 1, 2, 0),
(608, 32, 1, 2, 1, 2, 0),
(609, 33, 1, 2, 1, 2, 0),
(610, 34, 1, 2, 1, 2, 53),
(611, 35, 1, 2, 1, 2, 5),
(612, 13, 1, 2, 2, 2, 1),
(613, 14, 1, 2, 2, 2, 1),
(614, 15, 1, 2, 2, 2, 0),
(615, 16, 1, 2, 2, 2, 0),
(616, 17, 1, 2, 2, 2, 0),
(617, 18, 1, 2, 2, 2, 0),
(618, 19, 1, 2, 2, 2, 3),
(619, 20, 1, 2, 2, 2, 0),
(620, 21, 1, 2, 2, 2, 15),
(621, 22, 1, 2, 2, 2, 13),
(622, 23, 1, 2, 2, 2, 0),
(623, 24, 1, 2, 2, 2, 1),
(624, 25, 1, 2, 2, 2, 1),
(625, 26, 1, 2, 2, 2, 3),
(626, 27, 1, 2, 2, 2, 0),
(627, 28, 1, 2, 2, 2, 3),
(628, 29, 1, 2, 2, 2, 13),
(629, 30, 1, 2, 2, 2, 13),
(630, 31, 1, 2, 2, 2, 0),
(631, 32, 1, 2, 2, 2, 0),
(632, 33, 1, 2, 2, 2, 0),
(633, 34, 1, 2, 2, 2, 44),
(634, 35, 1, 2, 2, 2, 3),
(635, 13, 1, 2, 3, 2, 2),
(636, 14, 1, 2, 3, 2, 2),
(637, 15, 1, 2, 3, 2, 0),
(638, 16, 1, 2, 3, 2, 0),
(639, 17, 1, 2, 3, 2, 1),
(640, 18, 1, 2, 3, 2, 0),
(641, 19, 1, 2, 3, 2, 1),
(642, 20, 1, 2, 3, 2, 0),
(643, 21, 1, 2, 3, 2, 34),
(644, 22, 1, 2, 3, 2, 14),
(645, 23, 1, 2, 3, 2, 0),
(646, 24, 1, 2, 3, 2, 0),
(647, 25, 1, 2, 3, 2, 0),
(648, 26, 1, 2, 3, 2, 1),
(649, 27, 1, 2, 3, 2, 1),
(650, 28, 1, 2, 3, 2, 0),
(651, 29, 1, 2, 3, 2, 15),
(652, 30, 1, 2, 3, 2, 15),
(653, 31, 1, 2, 3, 2, 0),
(654, 32, 1, 2, 3, 2, 0),
(655, 33, 1, 2, 3, 2, 0),
(656, 34, 1, 2, 3, 2, 58),
(657, 35, 1, 2, 3, 2, 3),
(658, 13, 1, 2, 4, 2, 1),
(659, 14, 1, 2, 4, 2, 1),
(660, 15, 1, 2, 4, 2, 0),
(661, 16, 1, 2, 4, 2, 0),
(662, 17, 1, 2, 4, 2, 1),
(663, 18, 1, 2, 4, 2, 0),
(664, 19, 1, 2, 4, 2, 1),
(665, 20, 1, 2, 4, 2, 0),
(666, 21, 1, 2, 4, 2, 24),
(667, 22, 1, 2, 4, 2, 7),
(668, 23, 1, 2, 4, 2, 0),
(669, 24, 1, 2, 4, 2, 0),
(670, 25, 1, 2, 4, 2, 0),
(671, 26, 1, 2, 4, 2, 3),
(672, 27, 1, 2, 4, 2, 0),
(673, 28, 1, 2, 4, 2, 3),
(674, 29, 1, 2, 4, 2, 14),
(675, 30, 1, 2, 4, 2, 14),
(676, 31, 1, 2, 4, 2, 1),
(677, 32, 1, 2, 4, 2, 0),
(678, 33, 1, 2, 4, 2, 0),
(679, 34, 1, 2, 4, 2, 68),
(680, 35, 1, 2, 4, 2, 4),
(681, 13, 1, 2, 5, 2, 0),
(682, 14, 1, 2, 5, 2, 0),
(683, 15, 1, 2, 5, 2, 0),
(684, 16, 1, 2, 5, 2, 0),
(685, 17, 1, 2, 5, 2, 1),
(686, 18, 1, 2, 5, 2, 0),
(687, 19, 1, 2, 5, 2, 2),
(688, 20, 1, 2, 5, 2, 0),
(689, 21, 1, 2, 5, 2, 28),
(690, 22, 1, 2, 5, 2, 10),
(691, 23, 1, 2, 5, 2, 0),
(692, 24, 1, 2, 5, 2, 0),
(693, 25, 1, 2, 5, 2, 0),
(694, 26, 1, 2, 5, 2, 1),
(695, 27, 1, 2, 5, 2, 0),
(696, 28, 1, 2, 5, 2, 1),
(697, 29, 1, 2, 5, 2, 22),
(698, 30, 1, 2, 5, 2, 22),
(699, 31, 1, 2, 5, 2, 1),
(700, 32, 1, 2, 5, 2, 0),
(701, 33, 1, 2, 5, 2, 0),
(702, 34, 1, 2, 5, 2, 53),
(703, 35, 1, 2, 5, 2, 1),
(704, 13, 1, 2, 6, 2, 1),
(705, 14, 1, 2, 6, 2, 1),
(706, 15, 1, 2, 6, 2, 0),
(707, 16, 1, 2, 6, 2, 0),
(708, 17, 1, 2, 6, 2, 0),
(709, 18, 1, 2, 6, 2, 0),
(710, 19, 1, 2, 6, 2, 1),
(711, 20, 1, 2, 6, 2, 0),
(712, 21, 1, 2, 6, 2, 17),
(713, 22, 1, 2, 6, 2, 6),
(714, 23, 1, 2, 6, 2, 0),
(715, 24, 1, 2, 6, 2, 0),
(716, 25, 1, 2, 6, 2, 0),
(717, 26, 1, 2, 6, 2, 2),
(718, 27, 1, 2, 6, 2, 0),
(719, 28, 1, 2, 6, 2, 2),
(720, 29, 1, 2, 6, 2, 5),
(721, 30, 1, 2, 6, 2, 5),
(722, 31, 1, 2, 6, 2, 0),
(723, 32, 1, 2, 6, 2, 0),
(724, 33, 1, 2, 6, 2, 0),
(725, 34, 1, 2, 6, 2, 84),
(726, 35, 1, 2, 6, 2, 4),
(727, 13, 1, 2, 7, 2, 3),
(728, 14, 1, 2, 7, 2, 4),
(729, 15, 1, 2, 7, 2, 0),
(730, 16, 1, 2, 7, 2, 0),
(731, 17, 1, 2, 7, 2, 0),
(732, 18, 1, 2, 7, 2, 0),
(733, 19, 1, 2, 7, 2, 3),
(734, 20, 1, 2, 7, 2, 0),
(735, 21, 1, 2, 7, 2, 23),
(736, 22, 1, 2, 7, 2, 11),
(737, 23, 1, 2, 7, 2, 1),
(738, 24, 1, 2, 7, 2, 0),
(739, 25, 1, 2, 7, 2, 0),
(740, 26, 1, 2, 7, 2, 0),
(741, 27, 1, 2, 7, 2, 0),
(742, 28, 1, 2, 7, 2, 0),
(743, 29, 1, 2, 7, 2, 1),
(744, 30, 1, 2, 7, 2, 1),
(745, 31, 1, 2, 7, 2, 1),
(746, 32, 1, 2, 7, 2, 0),
(747, 33, 1, 2, 7, 2, 0),
(748, 34, 1, 2, 7, 2, 73),
(749, 35, 1, 2, 7, 2, 1),
(750, 13, 1, 2, 8, 2, 0),
(751, 14, 1, 2, 8, 2, 0),
(752, 15, 1, 2, 8, 2, 0),
(753, 16, 1, 2, 8, 2, 0),
(754, 17, 1, 2, 8, 2, 0),
(755, 18, 1, 2, 8, 2, 0),
(756, 19, 1, 2, 8, 2, 2),
(757, 20, 1, 2, 8, 2, 0),
(758, 21, 1, 2, 8, 2, 23),
(759, 22, 1, 2, 8, 2, 9),
(760, 23, 1, 2, 8, 2, 1),
(761, 24, 1, 2, 8, 2, 0),
(762, 25, 1, 2, 8, 2, 0),
(763, 26, 1, 2, 8, 2, 4),
(764, 27, 1, 2, 8, 2, 0),
(765, 28, 1, 2, 8, 2, 4),
(766, 29, 1, 2, 8, 2, 7),
(767, 30, 1, 2, 8, 2, 7),
(768, 31, 1, 2, 8, 2, 1),
(769, 32, 1, 2, 8, 2, 0),
(770, 33, 1, 2, 8, 2, 0),
(771, 34, 1, 2, 8, 2, 65),
(772, 35, 1, 2, 8, 2, 3),
(773, 13, 1, 2, 9, 2, 2),
(774, 14, 1, 2, 9, 2, 2),
(775, 15, 1, 2, 9, 2, 0),
(776, 16, 1, 2, 9, 2, 0),
(777, 17, 1, 2, 9, 2, 1),
(778, 18, 1, 2, 9, 2, 0),
(779, 19, 1, 2, 9, 2, 2),
(780, 20, 1, 2, 9, 2, 0),
(781, 21, 1, 2, 9, 2, 28),
(782, 22, 1, 2, 9, 2, 13),
(783, 23, 1, 2, 9, 2, 0),
(784, 24, 1, 2, 9, 2, 0),
(785, 25, 1, 2, 9, 2, 0),
(786, 26, 1, 2, 9, 2, 2),
(787, 27, 1, 2, 9, 2, 0),
(788, 28, 1, 2, 9, 2, 2),
(789, 29, 1, 2, 9, 2, 6),
(790, 30, 1, 2, 9, 2, 6),
(791, 31, 1, 2, 9, 2, 0),
(792, 32, 1, 2, 9, 2, 0),
(793, 33, 1, 2, 9, 2, 0),
(794, 34, 1, 2, 9, 2, 68),
(795, 35, 1, 2, 9, 2, 1),
(796, 13, 1, 2, 10, 2, 1),
(797, 14, 1, 2, 10, 2, 1),
(798, 15, 1, 2, 10, 2, 0),
(799, 16, 1, 2, 10, 2, 0),
(800, 17, 1, 2, 10, 2, 0),
(801, 18, 1, 2, 10, 2, 1),
(802, 19, 1, 2, 10, 2, 0),
(803, 20, 1, 2, 10, 2, 0),
(804, 21, 1, 2, 10, 2, 31),
(805, 22, 1, 2, 10, 2, 8),
(806, 23, 1, 2, 10, 2, 0),
(807, 24, 1, 2, 10, 2, 0),
(808, 25, 1, 2, 10, 2, 0),
(809, 26, 1, 2, 10, 2, 0),
(810, 27, 1, 2, 10, 2, 0),
(811, 28, 1, 2, 10, 2, 0),
(812, 29, 1, 2, 10, 2, 12),
(813, 30, 1, 2, 10, 2, 12),
(814, 31, 1, 2, 10, 2, 0),
(815, 32, 1, 2, 10, 2, 0),
(816, 33, 1, 2, 10, 2, 0),
(817, 34, 1, 2, 10, 2, 73),
(818, 35, 1, 2, 10, 2, 15),
(819, 13, 1, 2, 11, 2, 3),
(820, 14, 1, 2, 11, 2, 3),
(821, 15, 1, 2, 11, 2, 0),
(822, 16, 1, 2, 11, 2, 0),
(823, 17, 1, 2, 11, 2, 1),
(824, 18, 1, 2, 11, 2, 0),
(825, 19, 1, 2, 11, 2, 2),
(826, 20, 1, 2, 11, 2, 0),
(827, 21, 1, 2, 11, 2, 26),
(828, 22, 1, 2, 11, 2, 7),
(829, 23, 1, 2, 11, 2, 3),
(830, 24, 1, 2, 11, 2, 0),
(831, 25, 1, 2, 11, 2, 0),
(832, 26, 1, 2, 11, 2, 0),
(833, 27, 1, 2, 11, 2, 0),
(834, 28, 1, 2, 11, 2, 0),
(835, 29, 1, 2, 11, 2, 15),
(836, 30, 1, 2, 11, 2, 15),
(837, 31, 1, 2, 11, 2, 1),
(838, 32, 1, 2, 11, 2, 0),
(839, 33, 1, 2, 11, 2, 0),
(840, 34, 1, 2, 11, 2, 82),
(841, 35, 1, 2, 11, 2, 13),
(842, 13, 1, 2, 12, 2, 1),
(843, 14, 1, 2, 12, 2, 1),
(844, 15, 1, 2, 12, 2, 0),
(845, 16, 1, 2, 12, 2, 0),
(846, 17, 1, 2, 12, 2, 0),
(847, 18, 1, 2, 12, 2, 1),
(848, 19, 1, 2, 12, 2, 2),
(849, 20, 1, 2, 12, 2, 0),
(850, 21, 1, 2, 12, 2, 23),
(851, 22, 1, 2, 12, 2, 12),
(852, 23, 1, 2, 12, 2, 0),
(853, 24, 1, 2, 12, 2, 0),
(854, 25, 1, 2, 12, 2, 0),
(855, 26, 1, 2, 12, 2, 1),
(856, 27, 1, 2, 12, 2, 0),
(857, 28, 1, 2, 12, 2, 1),
(858, 29, 1, 2, 12, 2, 10),
(859, 30, 1, 2, 12, 2, 10),
(860, 31, 1, 2, 12, 2, 1),
(861, 32, 1, 2, 12, 2, 0),
(862, 33, 1, 2, 12, 2, 0),
(863, 34, 1, 2, 12, 2, 46),
(864, 35, 1, 2, 12, 2, 6),
(865, 13, 1, 3, 1, 2, 5),
(866, 14, 1, 3, 1, 2, 5),
(867, 15, 1, 3, 1, 2, 0),
(868, 16, 1, 3, 1, 2, 0),
(869, 17, 1, 3, 1, 2, 0),
(870, 18, 1, 3, 1, 2, 0),
(871, 19, 1, 3, 1, 2, 1),
(872, 20, 1, 3, 1, 2, 0),
(873, 21, 1, 3, 1, 2, 29),
(874, 22, 1, 3, 1, 2, 9),
(875, 23, 1, 3, 1, 2, 0),
(876, 24, 1, 3, 1, 2, 0),
(877, 25, 1, 3, 1, 2, 0),
(878, 26, 1, 3, 1, 2, 0),
(879, 27, 1, 3, 1, 2, 0),
(880, 28, 1, 3, 1, 2, 0),
(881, 29, 1, 3, 1, 2, 9),
(882, 30, 1, 3, 1, 2, 9),
(883, 31, 1, 3, 1, 2, 3),
(884, 32, 1, 3, 1, 2, 0),
(885, 33, 1, 3, 1, 2, 0),
(886, 34, 1, 3, 1, 2, 57),
(887, 35, 1, 3, 1, 2, 5),
(888, 13, 1, 3, 2, 2, 1),
(889, 14, 1, 3, 2, 2, 1),
(890, 15, 1, 3, 2, 2, 0),
(891, 16, 1, 3, 2, 2, 0),
(892, 17, 1, 3, 2, 2, 1),
(893, 18, 1, 3, 2, 2, 1),
(894, 19, 1, 3, 2, 2, 0),
(895, 20, 1, 3, 2, 2, 0),
(896, 21, 1, 3, 2, 2, 19),
(897, 22, 1, 3, 2, 2, 9),
(898, 23, 1, 3, 2, 2, 0),
(899, 24, 1, 3, 2, 2, 0),
(900, 25, 1, 3, 2, 2, 0),
(901, 26, 1, 3, 2, 2, 2),
(902, 27, 1, 3, 2, 2, 1),
(903, 28, 1, 3, 2, 2, 1),
(904, 29, 1, 3, 2, 2, 5),
(905, 30, 1, 3, 2, 2, 5),
(906, 31, 1, 3, 2, 2, 0),
(907, 32, 1, 3, 2, 2, 0),
(908, 33, 1, 3, 2, 2, 0),
(909, 34, 1, 3, 2, 2, 66),
(910, 35, 1, 3, 2, 2, 4);

-- --------------------------------------------------------

--
-- Estrutura para tabela `TB_TIPO`
--

CREATE TABLE `TB_TIPO` (
  `ID_TIPO` int(11) NOT NULL,
  `NOME_TIPO` varchar(100) NOT NULL
) ENGINE=InnoDB DEFAULT CHARSET=latin1;

--
-- Despejando dados para a tabela `TB_TIPO`
--

INSERT INTO `TB_TIPO` (`ID_TIPO`, `NOME_TIPO`) VALUES
(1, 'Produtividade Policial'),
(2, 'Ocorrências Registradas');

--
-- Índices de tabelas apagadas
--

--
-- Índices de tabela `TB_ANO`
--
ALTER TABLE `TB_ANO`
  ADD PRIMARY KEY (`ID_ANO`);

--
-- Índices de tabela `TB_CIDADE`
--
ALTER TABLE `TB_CIDADE`
  ADD PRIMARY KEY (`ID_CIDADE`);

--
-- Índices de tabela `TB_MES`
--
ALTER TABLE `TB_MES`
  ADD PRIMARY KEY (`ID_MES`);

--
-- Índices de tabela `TB_NATUREZA`
--
ALTER TABLE `TB_NATUREZA`
  ADD PRIMARY KEY (`ID_OCORRENCIA`);

--
-- Índices de tabela `TB_OCORRENCIA`
--
ALTER TABLE `TB_OCORRENCIA`
  ADD PRIMARY KEY (`ID_OCORRENCIA`),
  ADD KEY `FK_ID_NATUREZA` (`ID_NATUREZA`),
  ADD KEY `FK_ID_CIDADE` (`ID_CIDADE`),
  ADD KEY `FK_ID_ANO` (`ID_ANO`),
  ADD KEY `FK_ID_MES` (`ID_MES`),
  ADD KEY `FK_ID_TIPO` (`ID_TIPO`);

--
-- Índices de tabela `TB_TIPO`
--
ALTER TABLE `TB_TIPO`
  ADD PRIMARY KEY (`ID_TIPO`);

--
-- AUTO_INCREMENT de tabelas apagadas
--

--
-- AUTO_INCREMENT de tabela `TB_ANO`
--
ALTER TABLE `TB_ANO`
  MODIFY `ID_ANO` int(11) NOT NULL AUTO_INCREMENT, AUTO_INCREMENT=4;

--
-- AUTO_INCREMENT de tabela `TB_CIDADE`
--
ALTER TABLE `TB_CIDADE`
  MODIFY `ID_CIDADE` int(11) NOT NULL AUTO_INCREMENT, AUTO_INCREMENT=2;

--
-- AUTO_INCREMENT de tabela `TB_MES`
--
ALTER TABLE `TB_MES`
  MODIFY `ID_MES` int(11) NOT NULL AUTO_INCREMENT, AUTO_INCREMENT=13;

--
-- AUTO_INCREMENT de tabela `TB_NATUREZA`
--
ALTER TABLE `TB_NATUREZA`
  MODIFY `ID_OCORRENCIA` int(11) NOT NULL AUTO_INCREMENT, AUTO_INCREMENT=36;

--
-- AUTO_INCREMENT de tabela `TB_OCORRENCIA`
--
ALTER TABLE `TB_OCORRENCIA`
  MODIFY `ID_OCORRENCIA` int(11) NOT NULL AUTO_INCREMENT, AUTO_INCREMENT=911;

--
-- AUTO_INCREMENT de tabela `TB_TIPO`
--
ALTER TABLE `TB_TIPO`
  MODIFY `ID_TIPO` int(11) NOT NULL AUTO_INCREMENT, AUTO_INCREMENT=3;

--
-- Restrições para dumps de tabelas
--

--
-- Restrições para tabelas `TB_OCORRENCIA`
--
ALTER TABLE `TB_OCORRENCIA`
  ADD CONSTRAINT `FK_ID_ANO` FOREIGN KEY (`ID_ANO`) REFERENCES `TB_ANO` (`ID_ANO`) ON DELETE CASCADE ON UPDATE CASCADE,
  ADD CONSTRAINT `FK_ID_CIDADE` FOREIGN KEY (`ID_CIDADE`) REFERENCES `TB_CIDADE` (`ID_CIDADE`) ON DELETE CASCADE ON UPDATE CASCADE,
  ADD CONSTRAINT `FK_ID_MES` FOREIGN KEY (`ID_MES`) REFERENCES `TB_MES` (`ID_MES`) ON DELETE CASCADE ON UPDATE CASCADE,
  ADD CONSTRAINT `FK_ID_NATUREZA` FOREIGN KEY (`ID_NATUREZA`) REFERENCES `TB_NATUREZA` (`ID_OCORRENCIA`) ON DELETE CASCADE ON UPDATE CASCADE,
  ADD CONSTRAINT `FK_ID_TIPO` FOREIGN KEY (`ID_TIPO`) REFERENCES `TB_TIPO` (`ID_TIPO`) ON DELETE CASCADE ON UPDATE CASCADE;
COMMIT;

/*!40101 SET CHARACTER_SET_CLIENT=@OLD_CHARACTER_SET_CLIENT */;
/*!40101 SET CHARACTER_SET_RESULTS=@OLD_CHARACTER_SET_RESULTS */;
/*!40101 SET COLLATION_CONNECTION=@OLD_COLLATION_CONNECTION */;
